wallet,balance,deadtime
0xB6D0385D8Bc32cEf5a79326fc85037fD330aab5d,36870000000000000000000,2022-10-12 12:27:34 +0800 CST
0x1a9c9539dEC1Eb21314D752Fc0833346D01B35C1,36989000000000000000000,2022-10-12 11:59:58 +0800 CST
0x71B063B6b4227bC6570919b1bC32D5c55687483B,36860000000000000000000,2022-10-12 12:27:37 +0800 CST
0x73466ddeCd6D934e196F16f9C82ccFfA034e0B81,36862000000000000000000,2022-10-12 12:27:37 +0800 CST
0xc3D09A45C97Ff61B67169B1809E060DDd0c9EddA,36866000000000000000000,2022-10-12 12:27:37 +0800 CST
0x4f178E4dAa1e8202dDf36Ae3eCB0b7214E38B094,36866000000000000000000,2022-10-12 12:27:34 +0800 CST
0x3945aD67b568Da189B969Dc61D0e4E80946f6906,36860000000000000000000,2022-10-12 12:27:37 +0800 CST
0x5F5bc2a16DbF0737569493D3fbabCdd9d5Fe879B,36872000000000000000000,2022-10-12 12:27:34 +0800 CST
0x09dC1bA0c1902128a654FA9C0e2Cf424F8Dc6725,36858000000000000000000,2022-10-12 12:27:40 +0800 CST
0x7fd298D19B6e9EAdd79Cfa17dA2b7ca1770b14Ad,36868000000000000000000,2022-10-12 12:27:34 +0800 CST
